Código,Nome,Volume,Última (R$),Variação
MGLU3,Magazine Luiza,152.501.900,3,88,+2,65%
HAPV3,Hapvida,138.906.000,2,68,+1,13%
AMER3,Americanas,131.752.900,1,20,+16,50%
VIIA3,Via,93.763.200,2,03,+0,00%
B3SA3,B3,91.951.300,11,86,+1,98%
PETR4,Petrobras,71.563.400,25,85,+0,74%
BBAS3,Banco do Brasil,63.971.600,42,72,+6,96%
BBDC4,Banco Bradesco,63.610.500,13,80,-0,50%
ITUB4,Itaú Unibanco,41.827.200,25,64,+0,67%
COGN3,Cogna,40.264.000,2,00,+1,52%
ABEV3,Ambev,38.015.500,14,76,-0,14%
CIEL3,Cielo,37.331.600,4,93,+0,82%
LREN3,Lojas Renner,34.929.000,17,19,+1,72%
VALE3,Vale,32.702.000,80,60,-2,14%
RAIZ4,Raízen,32.341.500,3,06,+0,00%
CVCB3,CVC,30.915.700,3,27,+3,15%
ITSA4,Itaúsa,29.440.500,8,59,+2,02%
CMIG4,CEMIG,25.422.000,12,47,+3,23%
CASH3,Méliuz,24.270.900,0,93,+1,09%
CPLE6,COPEL,22.820.100,7,63,+2,97%
NTCO3,Natura,22.512.100,11,70,-1,02%
ASAI3,Assaí,21.392.400,14,44,-1,84%
AMAR3,Lojas Marisa,20.614.200,0,71,+9,23%
AZUL4,Azul,20.353.500,12,15,-1,06%
OIBR3,Oi,19.721.300,1,16,+7,41%
RENT3,Localiza,18.530.300,57,50,+1,23%
RADL3,RaiaDrogasil,18.142.200,26,16,+2,99%
GOLL4,GOL,17.662.200,7,05,-0,84%
ANIM3,Ânima Educação,17.307.300,2,42,+0,00%
PETR3,Petrobras,16.556.500,29,04,+0,07%
CSAN3,Cosan,15.681.500,15,91,+1,79%
ELET3,Eletrobras,15.532.100,35,14,+2,60%
CCRO3,Grupo CCR,15.100.000,13,19,+1,77%
BRFS3,BRF,14.991.800,6,81,+0,74%
MRFG3,Marfrig,14.812.100,6,81,+0,89%
GOAU4,Metalúrgica Gerdau,14.709.400,11,97,-1,64%
BEEF3,Minerva,14.235.100,10,05,+1,11%
RAIL3,Rumo,13.470.500,19,32,+1,47%
GGBR4,Gerdau,13.118.100,25,67,-0,96%
PETZ3,Petz,13.056.500,6,20,+3,68%
STBP3,Santos Brasil,12.856.200,8,86,+3,50%
MRVE3,MRV,12.748.000,7,17,+0,99%
EQTL3,Equatorial Energia,12.517.300,28,53,+1,67%
PRIO3,PetroRio,12.343.500,36,43,+1,96%
POMO4,Marcopolo,11.873.800,3,41,+1,19%
ENEV3,Eneva,11.843.600,11,39,+1,52%
CRFB3,Carrefour Brasil,11.638.200,11,53,-3,60%
UGPA3,Ultrapar,11.504.900,14,89,+1,09%
USIM5,Usiminas,11.305.800,7,66,-0,91%
SOMA3,Grupo Soma,11.247.400,8,40,+0,24%
JBSS3,JBS,11.107.300,17,42,-0,46%
ECOR3,EcoRodovias,11.007.000,6,42,+7,54%
VBBR3,Vibra Energia,10.745.000,14,60,+0,41%
TIMS3,TIM,10.287.300,13,15,+1,15%
BBDC3,Banco Bradesco,10.059.600,12,27,+0,66%
CYRE3,Cyrela,9.785.000,15,82,+3,81%
EMBR3,Embraer,9.621.600,20,21,-1,41%
MLAS3,Multilaser,9.434.900,1,84,+15,72%
WEGE3,WEG,9.399.700,39,74,+1,66%
RRRP3,3R Petroleum,9.206.000,32,19,+2,26%
RDOR3,Rede D'Or,9.202.800,23,70,+1,46%
LWSA3,Locaweb,9.153.600,5,38,+2,67%
ALPA4,Alpargatas,8.906.000,8,17,-0,73%
LIGT3,Light,8.411.900,2,13,+0,95%
MULT3,Multiplan,8.201.300,25,95,+0,46%
CMIN3,CSN Mineração,7.840.100,4,94,+2,49%
TOTS3,Totvs,7.809.800,28,40,+0,71%
CSNA3,Siderúrgica Nacional,7.704.800,16,03,-0,87%
MOVI3,Movida,7.629.100,8,53,+4,79%
LJQQ3,Lojas Quero-Quero,7.599.700,4,39,+5,02%
QUAL3,Qualicorp,7.510.700,3,94,+0,00%
AERI3,Aeris,7.323.000,1,38,+9,52%
SIMH3,Simpar,7.307.600,8,01,+2,30%
BBSE3,BB Seguridade,7.290.200,35,37,+1,14%
ELET6,Eletrobras,7.113.500,38,72,+3,25%
SEQL3,Sequoia Logística,6.958.200,1,87,+3,89%
DXCO3,Dexco,6.737.100,6,15,+1,99%
HBSA3,Hidrovias do Brasil,6.702.100,2,28,+0,88%
HYPE3,Hypera,6.459.100,37,83,-0,21%
VAMO3,Grupo Vamos,6.434.300,13,85,+2,21%
GMAT3,Grupo Mateus,6.387.000,5,90,+0,00%
KLBN4,Klabin,6.354.800,3,77,+0,80%
SUZB3,Suzano,6.313.400,42,20,-0,82%
CBAV3,CBA,6.268.100,6,23,-1,42%
CXSE3,Caixa Seguridade,6.139.300,9,82,+3,48%
ALSO3,Aliansce Sonae,5.026.800,18,35,+0,33%
BPAN4,Banco Pan,4.602.200,5,47,+4,19%
TEND3,Construtora Tenda,4.270.300,5,06,+4,55%
CPLE3,COPEL,4.257.800,6,81,+3,18%
RAPT4,Randon,4.207.200,7,62,+0,40%
ODPV3,Odontoprev,4.206.100,10,81,+0,37%
CEAB3,C&A,4.183.900,3,06,+3,73%
ESPA3,Espaçolaser,4.179.800,1,10,+1,85%
EZTC3,EZTEC,4.117.400,14,69,+3,31%
VIVR3,Viver,4.033.700,0,35,+0,00%
SAPR4,Sanepar,3.933.800,3,80,+3,54%
ENBR3,EDP Brasil,3.811.400,21,93,-1,84%
YDUQ3,YDUQS,3.655.800,8,11,+1,50%
VIVA3,Vivara,3.646.800,22,51,+1,86%
FLRY3,Fleury,3.616.000,14,73,+1,38%
RECV3,PetroRecôncavo,3.594.500,21,99,+2,37%
SBFG3,Grupo SBF,3.558.800,8,47,+3,04%
INEP3,Inepar,3.421.600,1,17,+8,33%
TRPL4,Transmissão Paulista,3.299.100,22,60,+0,85%
DIRR3,Direcional,3.197.600,16,87,-0,76%
VIVT3,Vivo,3.132.500,40,38,+0,50%
ZAMP3,BK Brasil,3.084.300,4,31,+2,13%
JHSF3,JHSF,3.044.600,3,95,-0,25%
BRAP4,Bradespar,2.828.100,27,11,-1,02%
SBSP3,Sabesp,2.710.200,51,37,+0,73%
POSI3,Positivo,2.582.100,7,92,+5,60%
INTB3,Intelbras,2.509.400,24,80,+2,18%
PCAR3,Grupo Pão de Açúcar,2.483.000,15,09,-1,05%
SMFT3,Smart Fit,2.322.400,14,27,+1,35%
AESB3,AES Brasil,2.254.100,10,18,+0,89%
ARZZ3,Arezzo,2.243.900,68,91,-0,13%
BRKM5,Braskem,2.238.900,20,45,-1,59%
BRSR6,Banrisul,2.235.600,10,24,+1,99%
EGIE3,ENGIE,2.215.700,40,33,+1,23%
GUAR3,Guararapes,2.160.200,4,54,+3,65%
CSMG3,COPASA,2.147.900,16,25,-1,93%
MILS3,Mills,1.973.400,9,16,-1,29%
CPFE3,CPFL Energia,1.971.300,33,58,+1,27%
MODL3,Banco Modal,1.891.500,1,73,+4,22%
GRND3,Grendene,1.883.000,7,58,+0,93%
IRBR3,IRB Brasil RE,1.834.500,23,21,+2,25%
SMTO3,São Martinho,1.779.700,29,34,+0,65%
NEOE3,Neoenergia,1.771.000,15,43,+1,11%
MDIA3,M. Dias Branco,1.761.300,27,36,+0,44%
NINJ3,GetNinjas,1.698.200,2,42,+7,56%
MYPK3,Iochpe-Maxion,1.688.600,12,17,-0,57%
AMBP3,Ambipar,1.669.200,22,64,+3,10%
KEPL3,Kepler Weber,1.616.400,8,80,-2,98%
GGPS3,GPS,1.505.600,12,41,-0,32%
TRAD3,Traders Club,1.480.000,1,05,+2,94%
CURY3,Cury,1.449.800,13,29,+1,45%
PSSA3,Porto Seguro,1.438.800,23,84,+0,51%
ENJU3,Enjoei,1.432.400,0,91,+3,41%
NGRD3,Neogrid,1.402.900,1,28,+6,67%
ENAT3,Enauta,1.375.500,12,21,+2,43%
CAML3,Camil Alimentos,1.374.100,7,43,-0,93%
ONCO3,Oncoclínicas,1.331.100,8,80,+1,15%
TRIS3,Trisul,1.314.000,3,31,+3,44%
PTBL3,Portobello,1.308.300,6,34,+3,26%
RCSL3,Recrusul,1.307.200,4,82,+7,11%
SYNE3,SYN,1.142.700,3,47,+17,23%
PLPL3,Plano&Plano,1.140.600,6,35,+2,92%
MEAL3,IMC Alimentação,1.093.000,2,18,+1,40%
TUPY3,Tupy,1.081.100,23,60,-2,52%
GFSA3,Gafisa,1.077.800,5,75,+0,88%
RANI3,Irani,1.056.700,8,69,-1,92%
TTEN3,3tentos,1.018.600,11,83,-0,59%
SLCE3,SLC Agrícola,1.003.700,45,81,-1,02%
HBOR3,Helbor,951.300,2,20,+2,80%
TASA4,Taurus,932.700,16,82,+1,94%
SEER3,Ser Educacional,911.200,3,14,+0,64%
IFCM3,Infracommerce,890.500,1,94,+8,99%
LUPA3,Lupatech,885.500,3,86,+1,85%
AZEV4,Azevedo & Travassos,861.500,1,28,+2,40%
BMGB4,Banco BMG,847.000,2,05,+0,99%
KLBN3,Klabin,845.900,3,78,+1,34%
PNVL3,Dimed,836.700,10,03,+2,45%
EVEN3,Even,827.000,4,64,+1,09%
PGMN3,Pague Menos,826.000,3,22,+2,22%
AGRO3,BrasilAgro,816.700,24,89,+2,22%
CLSA3,ClearSale,812.900,5,99,+2,57%
RCSL4,Recrusul,806.800,0,61,+3,39%
WIZC3,Wiz Soluções,778.500,5,82,+0,17%
SQIA3,Sinqia,774.200,16,05,+0,88%
BOAS3,Boa Vista,762.100,7,72,+0,13%
ROMI3,Indústrias ROMI,754.300,15,76,+0,57%
INEP4,Inepar,707.300,0,86,+6,17%
POMO3,Marcopolo,706.100,2,72,+3,82%
DASA3,Dasa,701.100,8,38,-1,99%
ABCB4,Banco ABC Brasil,673.800,16,77,+1,21%
VVEO3,Viveo,659.800,16,88,+5,50%
JALL3,Jalles Machado,618.200,7,15,+0,00%
ITUB3,Itaú Unibanco,600.400,21,82,+1,02%
TAEE4,Taesa,583.200,11,53,+1,86%
MTRE3,Mitre Realty,583.200,3,72,+6,29%
LPSB3,Lopes,573.900,1,56,+0,65%
CSED3,Cruzeiro do Sul Educacional,563.100,2,31,+8,96%
MBLY3,Mobly,541.200,1,85,+0,54%
TECN3,Technos,538.100,3,13,+2,96%
SHUL4,Schulz,531.400,4,38,-1,13%
ALPK3,Estapar,503.000,1,25,+4,17%
COCE5,Coelce,488.900,48,19,+2,71%
VLID3,Valid,487.400,10,08,+0,80%
JSLG3,JSL,483.800,7,02,+3,24%
BRIT3,Brisanet,469.300,2,18,+4,81%
LOGG3,LOG CP,463.800,16,66,+0,79%
ETER3,Eternit,455.200,9,69,+2,43%
LAVV3,Lavvi Incorporadora,449.400,5,33,+1,14%
PARD3,Hermes Pardini,427.300,20,44,+2,56%
VULC3,Vulcabras,406.900,12,39,+2,48%
FRAS3,Fras-le,406.000,9,25,-1,49%
MATD3,Mater Dei,406.000,8,10,-0,12%
PORT3,Wilson Sons,379.500,10,11,-0,98%
AALR3,Alliar,375.800,22,75,+0,00%
SAPR3,Sanepar,374.600,3,68,+3,66%
PINE4,PINE,358.200,1,64,-1,80%
ORVR3,Orizon,355.600,37,27,-1,35%
TGMA3,Tegma,355.200,19,10,+3,47%
ARML3,Armac,348.200,12,25,+2,94%
SGPS3,SPRINGS,328.500,0,93,+1,09%
UNIP6,Unipar,321.000,71,36,-1,30%
BMOB3,Bemobi,300.700,14,10,+1,29%
SHOW3,Time For Fun,288.600,1,60,-0,62%
TPIS3,Triunfo,273.100,0,84,+3,70%
DEXP3,Dexxos,271.800,7,97,+1,53%
BLAU3,Blau Farmacêutica,268.800,24,26,+1,51%
CMIG3,CEMIG,266.500,19,17,+4,93%
LEVE3,Mahle Metal Leve,266.200,30,58,-2,33%
VITT3,Vittia,249.000,11,45,+0,62%
USIM3,Usiminas,238.900,8,10,-0,61%
OPCT3,OceanPact,232.400,2,85,+0,35%
SOJA3,Boa Safra Sementes,229.500,11,45,-1,29%
PDGR3,PDG Realty,229.200,3,44,-1,71%
KRSA3,Kora Saúde,217.600,1,04,-2,80%
ELMD3,Eletromidia,215.400,16,25,-4,24%
HBRE3,HBR Realty,208.500,3,82,+1,87%
TFCO4,Track & Field,207.200,10,64,+0,38%
ITSA3,Itaúsa,207.100,8,67,+1,76%
TAEE3,Taesa,197.900,11,55,+2,03%
FESA4,Ferbasa,196.000,53,82,-3,72%
MDNE3,Moura Dubeux,195.900,5,42,+3,24%
PFRM3,Profarma,193.800,3,06,-0,33%
MELK3,Melnick,181.900,3,10,+2,99%
FIQE3,Unifique,180.300,3,50,+1,45%
PRNR3,PRINER,178.800,8,09,+4,79%
WEST3,Westwing,169.400,1,05,-2,78%
LOGN3,Log-In,163.100,39,54,+2,86%
SANB3,Banco Santander,161.900,12,75,+1,76%
CSUD3,CSU Cardsystem,159.000,10,51,+3,75%
CTSA4,Santanense,155.300,1,00,+3,09%
DOTZ3,Dotz,141.400,0,79,+0,00%
AZEV3,Azevedo & Travassos,138.900,1,41,+2,92%
TCSA3,Tecnisa,135.500,3,00,-0,99%
SANB4,Banco Santander,132.700,14,60,+1,25%
CEDO4,Cedro Têxtil,132.600,3,20,-1,54%
GOAU3,Metalúrgica Gerdau,127.800,11,18,-1,24%
RSID3,Rossi Residencial,118.400,2,99,+4,55%
BRPR3,BR Properties,117.700,63,79,+1,05%
IGTI3,Jereissati Participações,116.100,2,54,+1,20%
IGTI3,Iguatemi,116.100,2,54,+1,20%
DESK3,Desktop,109.600,8,73,+0,92%
PMAM3,Paranapanema,107.800,3,80,+5,85%
LVTC3,WDC Networks,97.300,6,14,+9,64%
OSXB3,OSX BRASIL,82.500,5,10,+2,00%
FHER3,Fertilizantes Heringer,77.700,13,32,-1,41%
OIBR4,Oi,72.900,2,60,+2,77%
TASA3,Taurus,59.200,16,54,+1,66%
BAHI3,Bahema,57.500,12,00,+50,75%
RNEW3,Renova Energia,54.000,1,52,-0,65%
PDTC3,Padtec,49.300,2,08,-0,95%
BRAP3,Bradespar,47.900,24,84,-1,86%
APER3,Alper,45.600,25,96,-0,12%
ALUP4,Alupar,40.000,9,51,+1,17%
RNEW4,Renova Energia,39.900,1,57,-2,48%
GGBR3,Gerdau,31.100,23,00,-0,39%
BOBR4,Bombril,28.800,1,20,+1,69%
SLED4,Saraiva,27.900,1,20,+1,69%
CEBR6,CEB,27.500,13,79,-0,07%
UCAS3,Unicasa,27.400,2,50,+2,04%
EALT4,Electro Aço Altona,26.200,6,98,-0,29%
DMVF3,D1000 Varejo Farma,26.000,3,31,-0,30%
BIOM3,Biomm,21.100,3,98,+2,84%
ENGI4,Energisa,20.500,7,71,+5,62%
OFSA3,Ourofino Saúde Animal,19.600,25,95,+1,96%
ALUP3,Alupar,19.500,9,53,+2,25%
JFEN3,João Fortes,19.500,2,47,+4,22%
CTNM4,Coteminas,16.600,1,20,+1,69%
BRIV4,Alfa Investimento,16.300,9,41,-0,95%
UNIP3,Unipar,16.100,69,90,+0,47%
AGXY3,AgroGalaxy,15.900,7,64,+2,14%
BEES3,Banestes,14.400,6,32,+0,64%
ALLD3,Allied,14.400,4,99,+1,22%
NEXP3,Brasil Brokers,14.400,3,69,-2,64%
BPAC5,Banco BTG Pactual,14.000,5,82,+3,74%
ATMP3,ATMASA,13.700,1,04,+0,97%
LAND3,Terra Santa,13.600,26,80,+1,36%
VSTE3,LE LIS BLANC,13.500,16,00,+0,38%
RDNI3,RNI,13.300,5,30,+0,19%
WHRL4,Whirlpool,13.000,4,53,+2,26%
AVLL3,Alphaville,12.100,3,20,+6,67%
EUCA4,Eucatex,11.800,9,11,-0,44%
TELB4,Telebrás,11.700,11,08,-5,22%
ATOM3,ATOM,10.900,2,85,-0,35%
IGTI4,Jereissati Participações,10.600,8,96,+2,75%
IGTI4,Iguatemi,10.600,8,96,+2,75%
BRKM3,Braskem,9.600,20,71,-1,15%
ENGI3,Energisa,9.400,12,69,-0,08%
RPMG3,Refinaria de Manguinhos,9.400,1,63,+1,88%
CTSA3,Santanense,9.000,1,54,+4,05%
BRSR3,Banrisul,7.600,11,33,+2,81%
CLSC4,CELESC,7.100,50,01,+0,12%
BDLL4,Bardella,6.300,9,50,+2,70%
RAPT3,Randon,6.000,7,35,+1,38%
CEBR3,CEB,5.800,13,12,+0,23%
BPAC3,Banco BTG Pactual,5.800,11,68,+2,73%
CAMB3,Cambuci,5.800,5,92,+1,37%
PTNT4,Pettenati,5.800,5,37,-1,47%
SCAR3,São Carlos,5.500,16,17,-1,64%
MTSA4,METISA,5.400,40,40,-1,44%
DEXP4,Dexxos,5.300,7,51,+0,13%
CEBR5,CEB,5.100,13,19,-1,05%
BEES4,Banestes,5.100,7,31,-0,14%
CRIV3,Alfa Financeira,5.100,5,10,-1,92%
ALPA3,Alpargatas,5.000,8,60,+3,37%
EQMA3B,Equatorial Maranhão,4.900,22,72,-1,22%
CGRA4,Grazziotin,4.700,28,89,+0,14%
PTNT3,Pettenati,4.600,8,30,-2,35%
MNPR3,Minupar,4.500,9,13,+2,58%
RPAD6,Alfa Holdings,3.600,6,37,-4,93%
CRPG5,Tronox Pigmentos,3.400,30,00,-1,64%
HAGA4,Haga,3.300,0,97,+1,04%
IGBR3,IGB S/A,2.900,112,57,+0,84%
SLED3,Saraiva,2.900,7,37,-3,15%
HOOT4,Hotéis Othon,2.800,1,07,+0,94%
GEPA4,Rio Paranapanema Energia,2.600,24,14,+0,58%
SNSY5,Sansuy,2.600,2,72,+3,42%
MNDL3,Mundial,2.500,56,95,+0,12%
EQPA3,Equatorial Pará,2.500,6,28,-3,09%
HAGA3,Haga,2.500,2,10,-1,41%
BDLL3,Bardella,2.000,11,40,+12,87%
BAZA3,Banco da Amazônia,1.800,67,98,-0,31%
EPAR3,EPAR3,1.700,11,80,+12,38%
EMAE4,EMAE,1.400,42,60,+3,93%
BMEB4,Banco Mercantil do Brasil,1.400,10,00,-1,28%
WHRL3,Whirlpool,1.400,4,43,+1,37%
RSUL4,Metalúrgica Riosulense,1.300,66,01,-5,70%
EUCA3,Eucatex,1.200,9,74,+0,41%
TRPL3,Transmissão Paulista,1.000,28,49,+0,96%
CRIV4,Alfa Financeira,1.000,5,50,+0,00%
REDE3,Rede Energia,1.000,5,10,-2,30%
WLMM4,WLM,800,23,45,+2,22%
MWET4,Wetzel,800,10,68,+2,99%
CRPG6,Tronox Pigmentos,600,30,00,+3,23%
TELB3,Telebrás,600,15,46,+1,11%
CGAS5,Comgás,500,126,65,-1,05%
CSRN3,COSERN,500,22,50,-6,25%
PATI4,Panatlântica,400,43,00,-3,28%
BGIP4,Banese,400,17,50,+2,10%
BALM4,Baumer,400,10,00,+2,04%
CLSC3,CELESC,300,47,01,+0,88%
GEPA3,Rio Paranapanema Energia,300,24,99,+13,54%
CPLE5,COPEL,300,22,39,-0,04%
BSLI4,Banco de Brasília,300,11,49,-0,78%
BRGE7,Consórcio Alfa,300,3,68,-31,85%
FRTA3,Pomi Frutas,300,2,27,+4,61%
PEAB4,Participações Aliança da Bahia,200,59,99,+11,80%
CEEB3,COELBA,200,38,00,+2,15%
CGRA3,Grazziotin,200,29,97,+2,22%
BRSR5,Banrisul,200,18,14,+9,94%
BRGE11,Consórcio Alfa,200,9,50,+3,04%
EALT3,Electro Aço Altona,200,7,21,-0,55%
CTKA4,Karsten,200,7,00,-1,41%
DOHL4,Döhler,200,4,22,+0,00%
EKTR4,Elektro,100,38,79,+0,00%
JOPA4,Josapar,100,35,11,-0,26%
BGIP3,Banese,100,34,50,+8,94%
JOPA3,Josapar,100,21,61,+0,00%
USIM6,Usiminas,100,17,99,+0,00%
BSLI3,Banco de Brasília,100,13,29,+0,00%
BRIV3,Alfa Investimento,100,9,90,-0,50%
RPAD5,Alfa Holdings,100,6,95,+0,00%
NORD3,Nordon,100,5,80,+19,59%
BMKS3,Monark,14,382,05,-3,52%
CEDO3,Cedro Têxtil,1.152.500,6,85,+2,24%
MGEL4,Mangels,2.500,12,50,-2,95%
TEKA4,Teka,2.400,16,05,-0,93%
MOAR3,Monteiro Aranha,700,370,00,-1,07%
AFLT3,Afluente T,700,9,00,+2,62%
PLAS3,Plascar,700,8,00,+0,00%
ENMT3,Energisa MT,200,66,00,+0,03%
GSHP3,General Shopping & Outlets,200,15,66,+0,19%
UNIP5,Unipar,100,85,78,+0,86%
ESTR4,Estrela,100,38,00,+1,33%
CBEE3,Ampla Energia,100,12,20,-6,37%
BMEB3,Banco Mercantil do Brasil,100,10,58,+0,19%
FRIO3,Metalfrio,1.200,20,00,+0,00%
CRDE3,CR2,500,14,99,-0,07%
HETA4,Hercules,200,3,62,-4,74%
LUXM4,Trevisa,100,80,00,-1,84%
BNBR3,Banco do Nordeste,100,79,50,+6,00%
FESA3,Ferbasa,100,57,50,+0,10%
CSRN5,COSERN,100,26,58,+11,03%
CSRN6,COSERN,100,23,01,-4,12%
CALI3,Adolpho Lindenberg,100,9,40,+0,00%
LIPR3,Eletropar,600,72,52,+1,28%
ENMT4,Energisa MT,100,68,80,+0,00%
BMIN4,Banco Mercantil de Investimentos,100,13,50,+4,09%
BAUH4,Excelsior,1.400,75,00,-3,97%
HBTS5,Habitasul,300,28,00,+0,00%
RPAD3,Alfa Holdings,200,6,89,+5,67%
PEAB3,Participações Aliança da Bahia,100,30,04,+0,03%
AHEB3,São Paulo Turismo,100,20,00,+0,00%
CGAS3,Comgás,300,123,60,+2,36%
CEEB5,COELBA,100,35,00,-3,71%
BRGE12,Consórcio Alfa,100,9,80,+3,27%
MERC4,Mercantil do Brasil Financeira,2.600,7,50,+1,35%
CSAB3,Cia. de Seg. Aliança da Bahia,300,28,40,-1,25%
CSAB4,Cia. de Seg. Aliança da Bahia,200,52,00,+14,69%
BRGE3,Consórcio Alfa,200,9,79,+1,45%
MAPT4,Cemepe,200,6,82,-33,20%
TKNO4,Tekno,400,58,50,+0,00%
CEED3,CEEE D,100,30,90,+0,00%
CTNM3,Coteminas,1.000,3,85,-3,75%
SNSY3,Sansuy,700,4,35,-0,46%
EKTR3,Elektro,100,36,07,+0,19%
BRKM6,Braskem,100,16,50,-10,81%
CEED4,CEEE D,100,30,00,-14,29%
GPAR3,CELGPAR,200,41,92,-8,87%
BMIN3,Banco Mercantil de Investimentos,600,16,45,-11,08%
BALM3,Baumer,300,9,90,+0,00%
MTSA3,METISA,200,75,00,+0,00%
BRGE8,Consórcio Alfa,100,9,70,+0,00%
MAPT3,Cemepe,100,30,05,-19,87%
DTCY3,Dtcom,100,5,30,+6,00%
SOND5,Sondotécnica,100,36,00,+0,00%
ELET5,Eletrobras,500,65,00,+0,00%
PATI3,Panatlântica,100,50,60,+3,27%
EQPA7,Equatorial Pará,18.400,8,00,+0,00%
WLMM3,WLM,200,22,00,+2,33%
BRGE6,Consórcio Alfa,200,10,51,-12,42%
COCE3,Coelce,100,57,00,-1,21%
DMFN3,DMFN3,1.800,14,61,+0,00%
SOND6,Sondotécnica,600,32,35,+0,00%
MRSA5B,MRS Logística,100,27,00,+22,39%
WIZS3,WIZS3,779.400,7,16,+1,99%
LLIS3,LLIS3,249.800,1,73,+2,98%
MSPA3,Melhoramentos,400,46,25,-7,52%
BRML3,BRMalls,16.132.900,8,26,+2,35%
DMMO3,Dommo Energia,3.254.800,1,76,-1,12%
EQPA5,Equatorial Pará,100,8,64,+0,93%
GETT3,Getnet,46.500,2,40,+1,27%
GETT4,Getnet,18.500,2,40,+1,27%
SULA4,SulAmérica,18.600,7,63,+5,53%
SULA3,SulAmérica,4.000,7,43,+1,50%
MSPA4,Melhoramentos,600,41,00,-0,85%
AHEB6,São Paulo Turismo,100,19,31,-3,45%
CTKA3,Karsten,200,21,46,-1,20%
MRSA6B,MRS Logística,200,23,06,+9,81%
BRGE5,Consórcio Alfa,800,11,53,+15,30%
CRPG3,Tronox Pigmentos,100,55,00,+27,91%
MRSA3B,MRS Logística,100,26,00,+4,00%
MWET3,Wetzel,100,29,98,-0,03%
DOHL3,Döhler,100,10,00,+0,00%
CEPE5,CELPE,100,40,12,+0,02%
MERC3,Mercantil do Brasil Financeira,100,15,11,-5,56%
TCNO4,Tecnosolo,36.800,0,85,-9,57%
TCNO3,Tecnosolo,3.400,1,20,-1,64%
CEPE6,CELPE,100,43,00,+6,17%
BKBR3,BKBR3,782.300,7,63,+0,26%
MTIG4,Metalgráfica Iguaçu,100,23,00,+0,00%
BLUT4,Blue Tech Solutions,171.100,1,52,-5,59%
BLUT3,Blue Tech Solutions,13.400,5,14,+0,59%
MODL4,Banco Modal,700,2,72,-2,16%
CARD3,CARD3,118.000,14,51,+1,82%
FIGE3,Investimentos Bemge,100,12,03,+99,83%
FNCN3,Finansinos,4.800,14,25,-0,35%
CASN3,CASAN,100,12,81,-14,66%
TEKA3,Teka,100,8,23,+1,73%
HETA3,Hercules,200,96,00,+0,00%
LCAM3,Locamerica,26.118.900,24,15,+1,86%
BIDI4,Banco Inter,52.496.400,3,41,-2,01%
BIDI3,Banco Inter,15.262.400,3,40,-2,58%
EEEL4,CEEE GT,100,410,00,-4,27%
EEEL3,CEEE GT,400,421,01,+5,25%
BBRK3,BBRK3,1.261.600,0,80,+1,27%
SOND3,Sondotécnica,200,46,01,+14,45%
CEGR3,Naturgy (CEG),100,89,00,+11,40%
CESP6,CESP,9.306.600,25,25,+1,41%
CESP3,CESP,11.500,25,55,+1,71%
CESP5,CESP,300,25,00,+2,75%
ECPR4,Encorpar,100,90,74,+0,42%
MOSI3,Mosaico,1.021.200,8,24,+3,00%
POWE3,Focus Energia,678.000,10,90,-2,24%
EQPA6,Equatorial Pará,600,10,69,+0,09%
ECPR3,Encorpar,300,90,25,+12,97%
GNDI3,NotreDame Intermédica,33.458.600,65,34,+0,00%
LAME4,Lojas Americanas,43.809.100,6,55,+2,02%
LAME3,Lojas Americanas,10.941.100,6,62,+2,95%
AHEB5,São Paulo Turismo,100,22,00,-11,89%
OMGE3,Omega Geração,834.900,27,57,-0,86%
IGTA3,IGTA3,1.641.100,33,13,+0,18%
JPSA3,JPSA3,100.100,29,02,+1,75%
BRDT3,BRDT3,24.483.500,22,03,-5,17%
JBDU4,JBDU4,2.556.100,1,36,+3,82%
JBDU3,JBDU3,1.890.100,3,12,+9,09%
HGTX3,Hering,7.519.800,37,50,-2,65%
CCPR3,CCPR3,328.200,10,16,-4,51%
DTEX3,DTEX3,2.875.600,20,63,-3,10%
VVAR3,VVAR3,65.670.600,11,30,-6,38%
PNVL4,Dimed,2.000,18,62,-2,67%
TESA3,Terra Santa,41.100,48,00,-2,74%
BTOW3,BTOW3,11.169.600,68,00,+4,15%
ESTR3,Estrela,100,40,00,+100,00%
LINX3,Linx,8.510.000,37,40,-0,27%
BTTL3,Embpar,6.100,19,72,-2,33%
GPCP3,GPCP3,698.100,49,00,-3,92%
GPCP4,GPCP4,5.300,45,51,-1,30%
SMLS3,Smiles,1.944.100,22,40,-1,71%
MMXM3,MMX Mineração,1.240.300,14,00,-30,35%
BSEV3,Biosev,528.800,9,00,+8,43%
CNTO3,CNTO3,2.083.600,28,08,+4,78%
TIET4,AES Tietê Energia,323.700,3,51,+1,15%
TIET3,AES Tietê Energia,169.100,3,49,+0,87%
CORR4,Corrêa Ribeiro,100,82,00,+18,84%
ODER4,Conservas Oderich,300,190,00,+0,00%
CEPE3,CELPE,1.300,128,00,+85,32%
CALI4,Adolpho Lindenberg,100,50,00,+4,17%
SNSY6,Sansuy,100,11,51,+4,64%
CASN4,CASAN,100,10,00,-16,67%
EMAE3,EMAE,100,26,01,+33,25%
BPAR3,Banpará,100,182,07,+20,58%
APTI4,Aliperti,200,3.500,00,-61,96%
VSPT3,FCA,1.000.000,4.999.999,50,+114,29%
MTIG3,Metalgráfica Iguaçu,400,156,30,+29,60%
FIGE4,Investimentos Bemge,100,38,01,-4,97%
LUXM3,Trevisa,200,10,00,+7,99%
TKNO3,Tekno,100,85,70,+10,64%
COCE6,Coelce,100,35,00,+16,63%
MGEL3,Mangels,100,75,00,+8,70%
CTSA8,Santanense,2.000,1,00,+0,00%
MMAQ4,Minasmáquinas,14,200,06,-28,55%
